AP,Layer,Component_Changes,LCC_Changes
2,1,18,0.001678890165238145
2288,1,5,0.0005301758416541569
397,1,2,0.0002650879208270229
727,1,2,0.0002650879208270229
1069,1,6,0.0006185384819298312
2244,1,8,0.0007952637624811798
3383,1,12,0.001148714323583988
10135,1,2,0.0002650879208270229
5934,1,72,0.006450472740125446
187,1,14,0.0013254396041353367
55366,1,17,0.0015905275249624706
2040,1,10,0.0009719890430326394
5885,1,22,0.002032340726340953
10075,1,12,0.001148714323583988
6772,1,6,0.0006185384819298312
1981,1,3,0.00035345056110280826
5565,1,21,0.0019439780860651679
2810,1,25,0.002297428647167976
6093,1,6,0.0006185384819298312
6711,1,4,0.00044181320137848257
1634,1,1,0.00017672528055134862
3570,1,5,0.0005301758416541569
8553,1,9,0.0008836264027569651
8291,1,4,0.00044181320137848257
1974,1,5,0.0005301758416541569
5320,1,4,0.00044181320137848257
319,1,1,0.00017672528055134862
1356,1,1,0.00017672528055134862
1549,1,1,0.00017672528055134862
1548,1,1,0.0002650879208270229
2114,1,5,0.0005301758416541569
567,1,6,0.0006185384819298312
3929,1,2,0.0002650879208270229
3034,1,6,0.0006185384819298312
107,1,1,0.00017672528055134862
2771,1,1,0.0002650879208270229
55699,1,6,0.0006185384819298312
4853,1,10,0.0009719890430326394
27232,1,3,0.00035345056110280826
1798,1,3,0.00035345056110280826
1317,1,2,0.0002650879208270229
51726,1,4,0.00044181320137848257
3081,1,1,0.00017672528055134862
6641,1,5,0.0005301758416541569
79026,1,3,0.00035345056110280826
5649,1,2,0.0002650879208270229
3960,1,3,0.00035345056110280826
1559,1,2,0.0002650879208270229
10376,1,6,0.0006185384819298312
10521,1,2,0.0002650879208270229
4774,1,1,0.00017672528055134862
3915,1,4,0.00044181320137848257
2645,1,3,0.00035345056110280826
2158,1,6,0.0006185384819298312
10527,1,3,0.00035345056110280826
6648,1,7,0.0007069011222055055
5507,1,1,0.00017672528055134862
221357,1,1,0.00017672528055134862
2939,1,1,0.0002650879208270229
1910,1,3,0.00035345056110280826
3122,1,7,0.0007069011222055055
3992,1,2,0.0002650879208270229
10269,1,6,0.0006185384819298312
64844,1,1,0.00017672528055134862
6891,1,1,0.00017672528055134862
9879,1,3,0.00035345056110280826
10250,1,3,0.00035345056110280826
9669,1,3,0.00035345056110280826
57088,1,10,0.0009719890430326394
3680,1,4,0.00044181320137848257
10769,1,12,0.001148714323583988
27333,1,3,0.00035345056110280826
10346,1,1,0.00017672528055134862
26084,1,1,0.00017672528055134862
23741,1,6,0.0006185384819298312
51109,1,1,0.00017672528055134862
11326,1,14,0.0013254396041353367
10150,1,2,0.0002650879208270229
51575,1,1,0.00017672528055134862
27230,1,2,0.0002650879208270229
9936,1,1,0.00017672528055134862
79971,1,2,0.0002650879208270229
6926,1,2,0.0002650879208270229
5371,1,1,0.00017672528055134862
23157,1,4,0.00044181320137848257
26959,1,2,0.0002650879208270229
54625,1,1,0.00017672528055134862
57187,1,9,0.0008836264027569651
1646,1,1,0.00017672528055134862
7373,1,4,0.00044181320137848257
23576,1,3,0.00035345056110280826
4128,1,2,0.0002650879208270229
11118,1,3,0.00035345056110280826
4060,1,1,0.00017672528055134862
4781,1,1,0.00017672528055134862
51280,1,9,0.0008836264027569651
7358,1,1,0.00017672528055134862
57186,1,2,0.0002650879208270229
5341,1,1,0.00017672528055134862
922,1,1,0.00017672528055134862
5309,1,1,0.0002650879208270229
6884,1,3,0.00035345056110280826
55970,1,1,0.00017672528055134862
9104,1,1,0.00017672528055134862
51582,1,2,0.0002650879208270229
26471,1,6,0.0006185384819298312
10060,1,1,0.00017672528055134862
3638,1,1,0.00017672528055134862
6720,1,1,0.00017672528055134862
54988,1,1,0.00017672528055134862
6906,1,1,0.00017672528055134862
25934,1,3,0.00035345056110280826
26275,1,2,0.0002650879208270229
55526,1,2,0.0002650879208270229
9703,1,1,0.00017672528055134862
55034,1,2,0.0002650879208270229
144348,1,1,0.00017672528055134862
11261,1,3,0.00035345056110280826
3703,1,2,0.0002650879208270229
54882,1,2,0.0002650879208270229
83752,1,4,0.00044181320137848257
51316,1,1,0.00017672528055134862
55022,1,3,0.00035345056110280826
170392,1,1,0.00017672528055134862
245973,1,4,0.00044181320137848257
30849,1,2,0.0002650879208270229
5858,1,1,0.00017672528055134862
27329,1,1,0.00017672528055134862
51129,1,1,0.00017672528055134862
10599,1,2,0.0002650879208270229
171546,1,2,0.0002650879208270229
27346,1,3,0.00035345056110280826
84102,1,1,0.00017672528055134862
8542,1,1,0.00017672528055134862
51449,1,2,0.0002650879208270229
115362,1,2,0.0002650879208270229
196527,1,2,0.0002650879208270229
9728,1,1,0.00017672528055134862
55605,1,6,0.0006185384819298312
388646,1,1,0.00017672528055134862
6360,1,2,0.0002650879208270229
29978,1,1,0.00017672528055134862
114908,1,1,0.00017672528055134862
26,1,2,0.0002650879208270229
6913,1,1,0.00017672528055134862
57016,1,1,0.00017672528055134862
54463,1,1,0.00017672528055134862
64167,1,1,0.00017672528055134862
53833,1,3,0.00035345056110280826
6309,1,1,0.00017672528055134862
10079,1,2,0.0002650879208270229
11015,1,2,0.0002650879208270229
55023,1,1,0.00017672528055134862
59342,1,1,0.00017672528055134862
155038,1,1,0.00017672528055134862
84561,1,1,0.00017672528055134862
10584,1,1,0.00017672528055134862
83729,1,1,0.00017672528055134862
10434,1,1,0.00017672528055134862
22872,1,1,0.00017672528055134862
55854,1,3,0.00035345056110280826
9615,1,1,0.00017672528055134862
27165,1,1,0.00017672528055134862
92140,1,1,0.00017672528055134862
65062,1,1,0.00017672528055134862
54918,1,2,0.0002650879208270229
4886,1,3,0.00035345056110280826
79811,1,1,0.00017672528055134862
400793,1,1,0.00017672528055134862
114883,1,1,0.00017672528055134862
79901,1,1,0.00017672528055134862
5547,1,1,0.00017672528055134862
64710,1,1,0.00017672528055134862
23528,1,4,0.00044181320137848257
53938,1,1,0.00017672528055134862
5899,1,1,0.00017672528055134862
23483,1,1,0.00017672528055134862
30001,1,2,0.0002650879208270229
57515,1,2,0.0002650879208270229
8436,1,4,0.00044181320137848257
345275,1,1,0.00017672528055134862
90411,1,2,0.0002650879208270229
10802,1,1,0.00017672528055134862
25932,1,1,0.00017672528055134862
80318,1,2,0.0002650879208270229
54518,1,1,0.00017672528055134862
1595,1,4,0.00044181320137848257
22862,1,2,0.0002650879208270229
55353,1,2,0.0002650879208270229
23190,1,3,0.00035345056110280826
54825,1,1,0.00017672528055134862
30061,1,1,0.00017672528055134862
29994,1,4,0.00044181320137848257
143884,1,7,0.0007069011222055055
9689,1,1,0.00017672528055134862
286410,1,3,0.00035345056110280826
23731,1,2,0.0002650879208270229
55704,1,2,0.0002650879208270229
25831,1,4,0.00044181320137848257
7873,1,1,0.00017672528055134862
64853,1,1,0.00017672528055134862
51752,1,3,0.00035345056110280826
10447,1,5,0.0005301758416541569
10164,1,1,0.00017672528055134862
130507,1,5,0.0005301758416541569
9043,1,7,0.0007069011222055055
130013,1,1,0.00017672528055134862
220441,1,1,0.00017672528055134862
11231,1,3,0.00035345056110280826
23365,1,3,0.00035345056110280826
11214,1,1,0.00017672528055134862
10741,1,1,0.00017672528055134862
85476,1,1,0.00017672528055134862
2357,1,1,0.00017672528055134862
201895,1,1,0.00017672528055134862
9962,1,5,0.0005301758416541569
5611,1,1,0.00017672528055134862
91978,1,1,0.00017672528055134862
79848,1,4,0.00044181320137848257
25998,1,1,0.00017672528055134862
7077,1,1,0.00017672528055134862
259282,1,1,0.00017672528055134862
6192,1,1,0.00017672528055134862
5243,1,1,0.00017672528055134862
55119,1,1,0.00017672528055134862
64398,1,5,0.0005301758416541569
65125,1,10,0.0009719890430326394
10988,1,6,0.0006185384819298312
11193,1,3,0.00035345056110280826
8858,1,4,0.00044181320137848257
10560,1,2,0.0002650879208270229
60481,1,1,0.00017672528055134862
51338,1,2,0.0002650879208270229
7803,1,1,0.00017672528055134862
56886,1,2,0.0002650879208270229
9403,1,1,0.00017672528055134862
8647,1,1,0.00017672528055134862
8777,1,8,0.0007952637624811798
23167,1,2,0.0002650879208270229
203111,1,1,0.00017672528055134862
10682,1,4,0.00044181320137848257
10957,1,2,0.0002650879208270229
5629,1,1,0.00017672528055134862
7296,1,2,0.0002650879208270229
9110,1,6,0.0006185384819298312
51773,1,1,0.00017672528055134862
90865,1,1,0.00017672528055134862
51742,1,5,0.0005301758416541569
26157,1,1,0.00017672528055134862
5053,1,1,0.00017672528055134862
2643,1,4,0.00044181320137848257
2110,1,1,0.00017672528055134862
10157,1,1,0.00017672528055134862
4594,1,3,0.00035345056110280826
2538,1,2,0.0002650879208270229
6999,1,2,0.0002650879208270229
57674,1,1,0.00017672528055134862
10166,1,1,0.00017672528055134862
9541,1,1,0.00017672528055134862
6747,1,1,0.00017672528055134862
26092,1,4,0.00044181320137848257
5696,1,3,0.00035345056110280826
100037417,1,1,0.00017672528055134862
27327,1,2,0.0002650879208270229
9126,1,3,0.00035345056110280826
7174,1,1,0.00017672528055134862
11161,1,8,0.0007952637624811798
25921,1,1,0.00017672528055134862
6776,1,1,0.00017672528055134862
51061,1,3,0.00035345056110280826
7045,1,1,0.00017672528055134862
4811,1,1,0.00017672528055134862
65109,1,1,0.00017672528055134862
10202,1,1,0.00017672528055134862
10979,1,2,0.0002650879208270229
81567,1,1,0.00017672528055134862
8631,1,18,0.001678890165238145
6480,1,3,0.00035345056110280826
3240,1,2,0.0002650879208270229
79799,1,1,0.00017672528055134862
65110,1,1,0.00017672528055134862
51478,1,3,0.00035345056110280826
6713,1,1,0.00017672528055134862
9236,1,7,0.0007069011222055055
4189,1,5,0.0005301758416541569
133686,1,1,0.00017672528055134862
4967,1,1,0.00017672528055134862
10724,1,1,0.00017672528055134862
10875,1,2,0.0002650879208270229
375056,1,4,0.00044181320137848257
89858,1,1,0.00017672528055134862
2160,1,1,0.00017672528055134862
5174,1,15,0.001413802244411011
2215,1,4,0.00044181320137848257
6482,1,4,0.00044181320137848257
9747,1,4,0.00044181320137848257
3157,1,2,0.0002650879208270229
23193,1,2,0.0002650879208270229
7586,1,2,0.0002650879208270229
8908,1,2,0.0002650879208270229
2632,1,2,0.0002650879208270229
2328,1,1,0.00017672528055134862
53826,1,4,0.00044181320137848257
5873,1,6,0.0006185384819298312
8836,1,2,0.0002650879208270229
4783,1,5,0.0005301758416541569
10628,1,1,0.00017672528055134862
5020,1,1,0.00017672528055134862
51341,1,1,0.00017672528055134862
140890,1,3,0.00035345056110280826
10130,1,4,0.00044181320137848257
64746,1,1,0.00017672528055134862
3998,1,1,0.00017672528055134862
3855,1,2,0.0002650879208270229
3490,1,1,0.00017672528055134862
5930,1,6,0.0006185384819298312
6653,1,10,0.0009719890430326394
3958,1,1,0.00017672528055134862
9079,1,6,0.0006185384819298312
8557,1,1,0.00017672528055134862
1158,1,1,0.00017672528055134862
10140,1,4,0.00044181320137848257
7270,1,3,0.00035345056110280826
7169,1,13,0.0012370769638596624
4782,1,3,0.00035345056110280826
3170,1,6,0.0006185384819298312
9295,1,2,0.0002650879208270229
51663,1,2,0.0002650879208270229
23168,1,1,0.00017672528055134862
54737,1,10,0.0009719890430326394
51574,1,3,0.00035345056110280826
26019,1,6,0.0006185384819298312
5935,1,4,0.00044181320137848257
3988,1,1,0.00017672528055134862
7498,1,2,0.0002650879208270229
7071,1,2,0.0002650879208270229
10912,1,4,0.00044181320137848257
23670,1,1,0.00017672528055134862
10427,1,1,0.00017672528055134862
9871,1,2,0.0002650879208270229
6251,1,2,0.0002650879208270229
6319,1,2,0.0002650879208270229
54407,1,2,0.0002650879208270229
6280,1,1,0.00017672528055134862
6279,1,3,0.00035345056110280826
10594,1,2,0.0002650879208270229
1562,1,1,0.00017672528055134862
2222,1,5,0.0005301758416541569
22820,1,1,0.00017672528055134862
84962,1,6,0.0006185384819298312
9360,1,1,0.00017672528055134862
23002,1,6,0.0006185384819298312
6897,1,1,0.00017672528055134862
7095,1,1,0.00017672528055134862
8829,1,7,0.0007069011222055055
11160,1,2,0.0002650879208270229
2944,1,1,0.00017672528055134862
2947,1,3,0.00035345056110280826
8349,1,6,0.0006185384819298312
4069,1,2,0.0002650879208270229
10516,1,3,0.00035345056110280826
23132,1,2,0.0002650879208270229
9967,1,1,0.00017672528055134862
7150,1,4,0.00044181320137848257
7274,1,1,0.00017672528055134862
10959,1,5,0.0005301758416541569
3484,1,3,0.00035345056110280826
8535,1,15,0.001413802244411011
29974,1,1,0.00017672528055134862
6184,1,1,0.00017672528055134862
55754,1,15,0.001413802244411011
4301,1,5,0.0005301758416541569
10728,1,1,0.00017672528055134862
83737,1,2,0.0002650879208270229
6505,1,3,0.00035345056110280826
2267,1,9,0.0008836264027569651
2920,1,1,0.00017672528055134862
2149,1,2,0.0002650879208270229
10935,1,2,0.0002650879208270229
6402,1,2,0.0002650879208270229
5411,1,8,0.0007952637624811798
9147,1,3,0.00035345056110280826
6773,1,3,0.00035345056110280826
10525,1,1,0.00017672528055134862
7812,1,1,0.00017672528055134862
5978,1,2,0.0002650879208270229
3512,1,2,0.0002650879208270229
5284,1,1,0.00017672528055134862
23253,1,2,0.0002650879208270229
10598,1,3,0.00035345056110280826
5007,1,4,0.00044181320137848257
23020,1,3,0.00035345056110280826
10040,1,3,0.00035345056110280826
10097,1,7,0.0007069011222055055
3936,1,1,0.00017672528055134862
2731,1,2,0.0002650879208270229
1466,1,2,0.0002650879208270229
358,1,15,0.001413802244411011
4490,1,2,0.0002650879208270229
1106,1,1,0.00017672528055134862
6872,1,1,0.00017672528055134862
23091,1,6,0.0006185384819298312
6950,1,14,0.0013254396041353367
3437,1,3,0.00035345056110280826
2214,1,1,0.00017672528055134862
4199,1,1,0.00017672528055134862
2673,1,1,0.00017672528055134862
10484,1,2,0.0002650879208270229
5937,1,1,0.00017672528055134862
126969,1,1,0.00017672528055134862
1278,1,2,0.0002650879208270229
55796,1,1,0.00017672528055134862
26994,1,8,0.0007952637624811798
26578,1,2,0.0002650879208270229
83606,1,10,0.0009719890430326394
5292,1,5,0.0005301758416541569
6281,1,2,0.0002650879208270229
3479,1,1,0.00017672528055134862
5927,1,2,0.0002650879208270229
10924,1,1,0.00017672528055134862
3949,1,1,0.00017672528055134862
6386,1,58,0.005213395776265783
4820,1,2,0.0002650879208270229
6651,1,3,0.00035345056110280826
29896,1,13,0.0012370769638596624
10142,1,2,0.0002650879208270229
1486,1,1,0.00017672528055134862
1362,1,1,0.00017672528055134862
7360,1,3,0.00035345056110280826
3075,1,2,0.0002650879208270229
1577,1,1,0.00017672528055134862
3709,1,4,0.00044181320137848257
9774,1,1,0.00017672528055134862
26999,1,5,0.0005301758416541569
8239,1,5,0.0005301758416541569
4332,1,30,0.0027392418485464587
9908,1,1,0.00017672528055134862
760,1,3,0.00035345056110280826
8724,1,1,0.00017672528055134862
9611,1,4,0.00044181320137848257
7706,1,3,0.00035345056110280826
6097,1,1,0.00017672528055134862
11017,1,8,0.0007952637624811798
6358,1,1,0.00017672528055134862
3716,1,5,0.0005301758416541569
2131,1,1,0.00017672528055134862
10564,1,1,0.00017672528055134862
23032,1,3,0.00035345056110280826
5257,1,1,0.00017672528055134862
6446,1,5,0.0005301758416541569
9276,1,2,0.0002650879208270229
1314,1,1,0.00017672528055134862
2182,1,3,0.00035345056110280826
5033,1,2,0.0002650879208270229
4719,1,6,0.0006185384819298312
3698,1,1,0.00017672528055134862
2207,1,3,0.00035345056110280826
58475,1,1,0.00017672528055134862
3280,1,2,0.0002650879208270229
27289,1,2,0.0002650879208270229
3688,1,9,0.0008836264027569651
4283,1,4,0.00044181320137848257
858,1,2,0.0002650879208270229
2923,1,6,0.0006185384819298312
928,1,4,0.00044181320137848257
948,1,2,0.0002650879208270229
4659,1,3,0.00035345056110280826
8243,1,3,0.00035345056110280826
3791,1,2,0.0002650879208270229
8518,1,4,0.00044181320137848257
23019,1,5,0.0005301758416541569
4629,1,3,0.00035345056110280826
546,1,1,0.00017672528055134862
5981,1,1,0.00017672528055134862
6709,1,5,0.0005301758416541569
5621,1,11,0.0010603516833083138
3336,1,1,0.00017672528055134862
10890,1,3,0.00035345056110280826
6566,1,3,0.00035345056110280826
6400,1,2,0.0002650879208270229
3156,1,3,0.00035345056110280826
5781,1,23,0.0021207033666166275
1962,1,11,0.0010603516833083138
5573,1,12,0.001148714323583988
5534,1,6,0.0006185384819298312
5357,1,3,0.00035345056110280826
1393,1,1,0.00017672528055134862
8424,1,2,0.0002650879208270229
4925,1,1,0.00017672528055134862
8615,1,6,0.0006185384819298312
152926,1,1,0.00017672528055134862
1629,1,4,0.0005301758416541569
117145,1,1,0.00017672528055134862
6470,1,2,0.0002650879208270229
127933,1,4,0.00044181320137848257
4734,1,23,0.0021207033666166275
60313,1,4,0.00044181320137848257
9685,1,2,0.0002650879208270229
7415,1,31,0.002827604488822133
916,1,7,0.0007069011222055055
3187,1,3,0.00035345056110280826
963,1,1,0.00017672528055134862
7037,1,5,0.0005301758416541569
1281,1,1,0.00017672528055134862
57223,1,1,0.00017672528055134862
112770,1,6,0.0006185384819298312
3598,1,11,0.0010603516833083138
4311,1,19,0.0017672528055138192
2803,1,3,0.00035345056110280826
25939,1,3,0.00035345056110280826
1848,1,1,0.00017672528055134862
1491,1,2,0.0002650879208270229
4430,1,2,0.0002650879208270229
6595,1,5,0.0005301758416541569
3069,1,1,0.00017672528055134862
26018,1,4,0.00044181320137848257
5295,1,41,0.003711230891578987
196,1,2,0.0002650879208270229
4175,1,6,0.0006185384819298312
5500,1,14,0.0013254396041353367
2308,1,7,0.0007069011222055055
1983,1,1,0.00017672528055134862
2720,1,5,0.0005301758416541569
5530,1,3,0.00035345056110280826
55170,1,17,0.0015905275249624706
178,1,1,0.00017672528055134862
2690,1,2,0.0002650879208270229
8826,1,6,0.0006185384819298312
535,1,7,0.0007069011222055055
8723,1,3,0.00035345056110280826
1729,1,4,0.00044181320137848257
5230,1,1,0.00017672528055134862
920,1,3,0.00035345056110280826
1665,1,3,0.00035345056110280826
1654,1,2,0.0002650879208270229
55904,1,2,0.0002650879208270229
7052,1,7,0.0007069011222055055
3895,1,2,0.0002650879208270229
4907,1,6,0.0006185384819298312
7520,1,8,0.0007952637624811798
18,1,3,0.00035345056110280826
3880,1,19,0.0017672528055138192
312,1,1,0.00017672528055134862
140462,1,1,0.00017672528055134862
2533,1,2,0.0002650879208270229
4478,1,1,0.00017672528055134862
4233,1,5,0.0005301758416541569
23089,1,1,0.00017672528055134862
7048,1,17,0.0015905275249624706
3626,1,1,0.00017672528055134862
3326,1,4,0.00044181320137848257
1738,1,2,0.0002650879208270229
1832,1,2,0.0002650879208270229
2027,1,1,0.00017672528055134862
1244,1,4,0.00044181320137848257
2213,1,1,0.00017672528055134862
84460,1,3,0.00035345056110280826
2224,1,3,0.00035345056110280826
950,1,2,0.0002650879208270229
7412,1,12,0.001148714323583988
3301,1,1,0.00017672528055134862
2058,1,1,0.00017672528055134862
900,1,3,0.00035345056110280826
1778,1,6,0.0006185384819298312
7704,1,9,0.0008836264027569651
3309,1,33,0.0030043297693734816
1373,1,2,0.0002650879208270229
2289,1,6,0.0006185384819298312
7453,1,2,0.0002650879208270229
2634,1,1,0.00017672528055134862
476,1,1,0.00017672528055134862
6594,1,1,0.00017672528055134862
2186,1,3,0.00035345056110280826
570,1,6,0.0006185384819298312
3799,1,6,0.0006185384819298312
1315,1,2,0.0002650879208270229
123,1,1,0.00017672528055134862
338,1,6,0.0006185384819298312
19,1,5,0.0005301758416541569
7316,1,1,0.00017672528055134862
1495,1,4,0.00044181320137848257
829,1,2,0.0002650879208270229
143,1,1,0.00017672528055134862
3091,1,17,0.0015905275249624706
5105,1,1,0.00017672528055134862
729,1,2,0.0002650879208270229
629,1,3,0.00035345056110280826
718,1,1,0.00017672528055134862
811,1,2,0.0002650879208270229
3001,1,1,0.00017672528055134862
6774,1,23,0.0021207033666166275
1052,1,1,0.00017672528055134862
216,1,1,0.00017672528055134862
217,1,5,0.0005301758416541569
3329,1,24,0.002209066006892302
506,1,15,0.001413802244411011
103,1,1,0.00017672528055134862
7514,1,158,0.01404965980383499
1660,1,3,0.00035345056110280826
7184,1,1,0.00017672528055134862
837,1,9,0.0008836264027569651
5445,1,20,0.0018556154457894936
1213,1,12,0.001148714323583988
48,1,3,0.00035345056110280826
23530,1,4,0.00044181320137848257
2113,1,12,0.001148714323583988
39,1,2,0.0002650879208270229
523,1,8,0.0007952637624811798
483,1,9,0.0008836264027569651
821,1,19,0.0017672528055138192
488,1,2,0.0002650879208270229
219,1,3,0.00035345056110280826
3312,1,44,0.003976318812406121
4253,1,8,0.0007952637624811798
1656,1,5,0.0005301758416541569
185,1,5,0.0005301758416541569
1363,1,4,0.00044181320137848257
2167,1,2,0.0002650879208270229
1499,1,35,0.0031810550499249413
12,1,7,0.0007069011222055055
10243,1,4,0.00044181320137848257
999,1,9,0.0008836264027569651
351,1,589,0.05222232040293362
135656,1,1,0.00017672528055134862
720,1,3,0.00035345056110280826
1520,1,2,0.0002650879208270229
1512,1,2,0.0002650879208270229
427,1,5,0.0005301758416541569
1956,1,66,0.005920296898471289
3172,1,2,0.0002650879208270229
79611,1,1,0.00017672528055134862
3320,1,12,0.001148714323583988
4638,1,1,0.00017672528055134862
59,1,10,0.0009719890430326394
2335,1,20,0.0018556154457894936
301,1,4,0.00044181320137848257
58,1,19,0.0017672528055138192
367,1,26,0.0023857912874436504
3175,1,69,0.006185384819298423
80854,2,20,0.008264462809917328
16,2,21,0.009445100354191216
3078,2,2,0.0015741833923652582
10549,2,1,0.0007870916961826291
335,2,1,0.001967729240456517
2243,2,9,0.0055096418732781816
1555,2,3,0.0015741833923652582
491,2,1,0.001967729240456517
57678,2,4,0.0035419126328217754
800,2,9,0.003935458480913034
130,2,6,0.0027548209366391463
1807,2,4,0.001967729240456517
590,2,19,0.007870916961826069
957,2,2,0.0011806375442738881
2542,2,1,0.0007870916961826291
1490,2,10,0.0043290043290042934
3939,2,22,0.009051554506099957
5926,2,13,0.0055096418732781816
22836,2,18,0.007477371113734699
8660,2,25,0.010232192050373845
4688,2,5,0.0023612750885477762
10788,2,8,0.0035419126328217754
3059,2,42,0.016922471467926026
1266,2,4,0.001967729240456517
2330,2,2,0.0011806375442738881
6714,2,1,0.0015741833923652582
4179,2,9,0.003935458480913034
5962,2,27,0.011019283746556474
5004,2,5,0.0023612750885477762
5005,2,2,0.0011806375442738881
10972,2,22,0.009051554506099957
1869,2,1,0.0007870916961826291
230,2,7,0.0031483667847304053
6529,2,1,0.0007870916961826291
9060,2,8,0.0035419126328217754
5226,2,10,0.0043290043290042934
7102,2,2,0.0011806375442738881
10294,2,25,0.010232192050373845
6678,2,6,0.0027548209366391463
3672,2,9,0.003935458480913034
201595,2,9,0.003935458480913034
50814,2,5,0.0023612750885477762
84858,2,15,0.006296733569460811
2940,2,1,0.0007870916961826291
29968,2,8,0.0035419126328217754
4124,2,4,0.001967729240456517
4121,2,3,0.0015741833923652582
3953,2,8,0.0035419126328217754
4047,2,8,0.0035419126328217754
3158,2,2,0.0011806375442738881
3627,2,2,0.0011806375442738881
5552,2,8,0.0035419126328217754
57826,2,4,0.001967729240456517
1429,2,6,0.0027548209366391463
2633,2,7,0.0031483667847304053
64087,2,12,0.005903187721369552
5175,2,7,0.0031483667847304053
84343,2,4,0.001967729240456517
8886,2,18,0.007477371113734699
404734,2,4,0.001967729240456517
5627,2,5,0.0023612750885477762
722,2,5,0.0023612750885477762
6783,2,4,0.001967729240456517
27284,2,1,0.0007870916961826291
2153,2,4,0.001967729240456517
2150,2,14,0.005903187721369552
6387,2,2,0.0011806375442738881
3697,2,1,0.0007870916961826291
79689,2,1,0.0007870916961826291
208,2,1,0.0011806375442738881
80339,2,1,0.0007870916961826291
2266,2,3,0.0015741833923652582
2157,2,3,0.0015741833923652582
5054,2,9,0.003935458480913034
9663,2,1,0.0007870916961826291
79660,2,6,0.0027548209366391463
2998,2,2,0.0011806375442738881
80830,2,2,0.0011806375442738881
6392,2,1,0.0007870916961826291
113251,2,11,0.0047225501770956635
55074,2,4,0.001967729240456517
51056,2,15,0.006296733569460811
50,2,3,0.0015741833923652582
4292,2,2,0.0023612750885477762
23362,2,3,0.0015741833923652582
23111,2,14,0.005903187721369552
7779,2,7,0.0031483667847304053
2220,2,1,0.0007870916961826291
4153,2,6,0.0027548209366391463
253512,2,5,0.0023612750885477762
6307,2,3,0.0015741833923652582
5166,2,8,0.008264462809917328
1581,2,1,0.0007870916961826291
10891,2,1,0.0011806375442738881
5009,2,9,0.003935458480913034
79731,2,1,0.0043290043290042934
9648,2,17,0.00708382526564344
28978,2,3,0.0015741833923652582
57509,2,8,0.0035419126328217754
58527,2,2,0.0011806375442738881
1718,2,8,0.0035419126328217754
5358,2,7,0.0031483667847304053
64332,2,1,0.0007870916961826291
9415,2,2,0.0011806375442738881
1536,2,1,0.0007870916961826291
9563,2,2,0.0011806375442738881
51747,2,10,0.0043290043290042934
5138,2,3,0.0015741833923652582
58517,2,22,0.009051554506099957
51014,2,4,0.001967729240456517
79572,2,4,0.001967729240456517
84293,2,9,0.003935458480913034
81533,2,10,0.0043290043290042934
25840,2,2,0.0011806375442738881
113201,2,1,0.0007870916961826291
55959,2,8,0.0035419126328217754
9980,2,1,0.0007870916961826291
6383,2,1,0.0011806375442738881
6542,2,6,0.0027548209366391463
9375,2,3,0.0015741833923652582
85465,2,1,0.0007870916961826291
23516,2,1,0.0007870916961826291
257415,2,2,0.0011806375442738881
60559,2,1,0.0007870916961826291
9761,2,2,0.0011806375442738881
55437,2,7,0.0031483667847304053
80205,2,6,0.0027548209366391463
222194,2,4,0.001967729240456517
55276,2,1,0.0007870916961826291
221785,2,17,0.00708382526564344
119467,2,1,0.0007870916961826291
23390,2,1,0.0011806375442738881
55862,2,2,0.0011806375442738881
120224,2,2,0.0011806375442738881
79001,2,1,0.0015741833923652582
84081,2,3,0.0015741833923652582
9056,2,1,0.0007870916961826291
23327,2,1,0.0011806375442738881
55803,2,4,0.001967729240456517
3957,2,2,0.0011806375442738881
57820,2,5,0.0023612750885477762
91947,2,1,0.0007870916961826291
10993,2,1,0.0007870916961826291
9146,2,1,0.0011806375442738881
151636,2,12,0.0051160960251869225
83666,2,3,0.0015741833923652582
10332,2,6,0.0027548209366391463
1519,2,1,0.0007870916961826291
151531,2,1,0.0007870916961826291
84641,2,1,0.0007870916961826291
6514,2,2,0.0011806375442738881
5566,2,1,0.0007870916961826291
9867,2,10,0.0043290043290042934
2331,2,2,0.0011806375442738881
8644,2,5,0.0023612750885477762
54541,2,4,0.001967729240456517
7429,2,3,0.0015741833923652582
9547,2,2,0.0011806375442738881
4018,2,2,0.0011806375442738881
56944,2,5,0.0023612750885477762
9869,2,1,0.0027548209366391463
166647,2,1,0.0007870916961826291
6259,2,1,0.0011806375442738881
408050,2,2,0.0011806375442738881
201562,2,7,0.0031483667847304053
5168,2,2,0.0011806375442738881
51170,2,2,0.0011806375442738881
91614,2,1,0.0007870916961826291
8455,2,3,0.0015741833923652582
26270,2,1,0.0007870916961826291
51144,2,3,0.0023612750885477762
79071,2,1,0.0007870916961826291
29956,2,1,0.0011806375442738881
51303,2,3,0.0015741833923652582
1652,2,1,0.0007870916961826291
55196,2,4,0.001967729240456517
51703,2,2,0.0011806375442738881
2028,2,2,0.0011806375442738881
55876,2,4,0.001967729240456517
1806,2,1,0.0007870916961826291
6451,2,6,0.0027548209366391463
89866,2,2,0.0011806375442738881
6733,2,1,0.0015741833923652582
116832,2,1,0.0007870916961826291
23471,2,7,0.0031483667847304053
29015,2,4,0.001967729240456517
148534,2,4,0.001967729240456517
5806,2,1,0.0007870916961826291
3700,2,1,0.0007870916961826291
23317,2,11,0.0047225501770956635
79366,2,2,0.0011806375442738881
36,2,4,0.001967729240456517
474344,2,1,0.0007870916961826291
30845,2,5,0.0023612750885477762
29887,2,1,0.0007870916961826291
55902,2,2,0.0011806375442738881
57600,2,1,0.0007870916961826291
6449,2,1,0.0007870916961826291
51156,2,3,0.0015741833923652582
78989,2,8,0.0035419126328217754
7267,2,7,0.0031483667847304053
26137,2,1,0.0007870916961826291
7915,2,6,0.0027548209366391463
7035,2,8,0.0035419126328217754
25913,2,1,0.0007870916961826291
9652,2,4,0.001967729240456517
8031,2,12,0.0051160960251869225
2946,2,2,0.0011806375442738881
5728,2,1,0.0015741833923652582
763,2,1,0.0007870916961826291
23203,2,1,0.0011806375442738881
23215,2,10,0.0043290043290042934
11177,2,11,0.0047225501770956635
3422,2,1,0.0007870916961826291
55749,2,13,0.0055096418732781816
6414,2,1,0.0007870916961826291
5446,2,1,0.0007870916961826291
4802,2,1,0.0011806375442738881
8462,2,4,0.0027548209366391463
64902,2,1,0.0007870916961826291
1571,2,1,0.0011806375442738881
10905,2,6,0.0027548209366391463
5626,2,1,0.0007870916961826291
84061,2,5,0.0023612750885477762
10894,2,1,0.0007870916961826291
8613,2,2,0.0011806375442738881
1182,2,1,0.0007870916961826291
2739,2,3,0.0015741833923652582
316,2,2,0.0011806375442738881
2819,2,4,0.001967729240456517
653689,2,2,0.0011806375442738881
4147,2,5,0.0023612750885477762
3026,2,1,0.0007870916961826291
7399,2,2,0.0011806375442738881
6744,2,14,0.005903187721369552
1829,2,6,0.0027548209366391463
8490,2,1,0.0007870916961826291
47,2,12,0.006296733569460811
4837,2,2,0.0011806375442738881
22926,2,1,0.0015741833923652582
25957,2,2,0.0011806375442738881
26057,2,12,0.006690279417552181
4939,2,3,0.0015741833923652582
64127,2,1,0.001967729240456517
59277,2,4,0.001967729240456517
8763,2,2,0.0011806375442738881
2747,2,2,0.0011806375442738881
4329,2,5,0.0023612750885477762
81611,2,8,0.0035419126328217754
5648,2,7,0.0031483667847304053
721,2,2,0.0011806375442738881
2954,2,4,0.001967729240456517
118788,2,2,0.0011806375442738881
152831,2,1,0.0007870916961826291
2260,2,1,0.0011806375442738881
1982,2,16,0.008658008658008698
8404,2,4,0.001967729240456517
6498,2,1,0.0023612750885477762
998,2,1,0.0007870916961826291
29123,2,12,0.0051160960251869225
2317,2,27,0.011019283746556474
4082,2,7,0.0031483667847304053
2180,2,1,0.0007870916961826291
481,2,15,0.007477371113734699
81494,2,2,0.0011806375442738881
6521,2,1,0.0015741833923652582
3426,2,1,0.0007870916961826291
2740,2,1,0.0011806375442738881
27075,2,1,0.0015741833923652582
1994,2,4,0.003935458480913034
81688,2,2,0.0011806375442738881
309,2,11,0.0047225501770956635
9050,2,3,0.0015741833923652582
4899,2,3,0.0031483667847304053
57153,2,1,0.0007870916961826291
119032,2,3,0.0015741833923652582
5096,2,2,0.0011806375442738881
3572,2,7,0.0031483667847304053
3977,2,2,0.0011806375442738881
90523,2,1,0.0007870916961826291
5601,2,1,0.0011806375442738881
55576,2,3,0.0023612750885477762
677,2,2,0.0011806375442738881
7171,2,23,0.009445100354191216
10808,2,24,0.009838646202282586
731,2,1,0.0007870916961826291
735,2,3,0.0015741833923652582
6927,2,1,0.0007870916961826291
34,2,5,0.0023612750885477762
710,2,5,0.0023612750885477762
6283,2,1,0.0007870916961826291
27101,2,1,0.0011806375442738881
308,2,8,0.0035419126328217754
1500,2,19,0.007870916961826069
10051,2,16,0.006690279417552181
10384,2,3,0.0
9068,2,1,0.0
3118,2,1,0.0
283820,3,7,0.5714285714285714
51768,3,1,0.09523809523809523
4149,3,1,0.1428571428571429
5412,3,2,0.23809523809523814
4609,3,2,0.38095238095238093
10216,3,1,0.09523809523809523
6898,3,2,0.1428571428571429
7337,3,1,0.19047619047619047
2130,3,1,0.1428571428571429
55107,3,1,0.09523809523809523
6425,3,5,0.0
11057,3,1,0.0
1874,3,1,0.0
3981,3,1,0.0
65124,3,4,0.0
1191,3,1,0.0
730,3,2,0.0
23316,3,2,0.0
55974,3,1,0.0
222698,3,3,0.0
100133941,3,2,0.0
4067,3,1,0.0
4360,3,1,0.0
495,3,1,0.0
9332,3,3,0.0
1776,3,2,0.0
22865,3,1,0.0
353189,3,1,0.0
10158,3,1,0.0
8309,3,3,0.0
1805,3,2,0.0
